{
    "period": 80,
    "dt": 1,
    "number_of_patches": 10,
    "mating_rates": [
        0.2952320192383454,
        0.23027622838510203,
        0.25402324660075704,
        0.15682789865471372,
        0.2507882633925832,
        0.2564275538510863,
        0.11828592337610105,
        0.17097309248440729,
        0.22310061622285465,
        0.19294650908045918
    ],
    "capacity": [
        1795.7021607847632,
        1840.4178471513255,
        1492.691446153266,
        1326.0678195784963,
        1016.6070787120691,
        1932.9677796399155,
        1755.4761923019582,
        1980.9279341409383,
        1210.6299246138697,
        1514.8505095054113
    ],
    "migration_rates": [
        [
            0.727640664981085,
            0.03172101185047842,
            0.0326691444785415,
            0.03164739830411189,
            0.030536643031101828,
            0.02927837978706878,
            0.028971378946378575,
            0.02761954870363622,
            0.027533834661938216,
            0.032381995255659546
        ],
        [
            0.02357225698532709,
            0.7938013493796893,
            0.022486139242098795,
            0.02365639468676209,
            0.022492660856512803,
            0.02117717898551452,
            0.0216972278319252,
            0.024322824173781486,
            0.02281330341022169,
            0.023980664448167065
        ],
        [
            0.02423160201434351,
            0.024641470332419535,
            0.7833961995995175,
            0.024030464753820348,
            0.025132430523696833,
            0.02227934255283856,
            0.023475975257628214,
            0.022050419907348122,
            0.026290068962019606,
            0.024472026096367797
        ],
        [
            0.027623362640035766,
            0.026319989118083392,
            0.029144115299188016,
            0.7539282487515901,
            0.02745751376221472,
            0.02565533771748129,
            0.027542286475387662,
            0.02642311157188797,
            0.026859604740972216,
            0.02904642992315884
        ],
        [
            0.02074193232127549,
            0.019202449144164184,
            0.020274706412837136,
            0.020169538516668722,
            0.8175813414854242,
            0.021848299078835898,
            0.02059862932459742,
            0.01894221663402355,
            0.021366895120799947,
            0.01927399196137351
        ],
        [
            0.031034941139565123,
            0.0304658080823779,
            0.030142998876611142,
            0.032694112277850414,
            0.03264124918940763,
            0.7179542021658462,
            0.02999950139232107,
            0.029996659664998773,
            0.032968189355383676,
            0.032102337855638145
        ],
        [
            0.027198655993714935,
            0.030917175071026662,
            0.031048386530199337,
            0.030464982524897377,
            0.0263878698794227,
            0.029183617246905064,
            0.7407482871063292,
            0.029263179655456894,
            0.02618676757021502,
            0.02860107842183275
        ],
        [
            0.020326702143053616,
            0.020754350769548614,
            0.020587416252565535,
            0.02149252178373503,
            0.02378527707782484,
            0.020776759878810242,
            0.02000969592206113,
            0.8067402521525232,
            0.02273395526715915,
            0.022793068752718613
        ],
        [
            0.01865217514962559,
            0.018523874217609173,
            0.020575674927114578,
            0.017520527789386574,
            0.020006526457019808,
            0.018619277465968295,
            0.018734933992674837,
            0.020041441364485022,
            0.8281756537589124,
            0.01914991487720366
        ],
        [
            0.020324836143252163,
            0.019937701621267474,
            0.02176685321098641,
            0.02011027175314969,
            0.02010289323313034,
            0.021025878854011967,
            0.019025658800197284,
            0.01909578966991586,
            0.020238826219821416,
            0.8183712904942674
        ]
    ],
    "egg": {
        "lifespan": {
            "dist": "uniform",
            "params": [
                0,
                8.76
            ]
        },
        "maturing_age": {
            "dist": "norm",
            "params": [
                2.9,
                0
            ]
        }
    },
    "larva": {
        "lifespan": {
            "dist": "uniform",
            "params": [
                0,
                77.4
            ]
        },
        "maturing_age": {
            "dist": "norm",
            "params": [
                10.6,
                0
            ]
        }
    },
    "pupa": {
        "lifespan": {
            "dist": "uniform",
            "params": [
                0,
                40.59
            ]
        },
        "maturing_age": {
            "dist": "norm",
            "params": [
                4.1,
                0
            ]
        }
    },
    "male adult": {
        "lifespan": {
            "dist": "weibull",
            "params": [
                2.1945968574915145,
                22.84070720300488
            ]
        }
    },
    "sterile male adult": {
        "competitiveness": 0.5,
        "lifespan": {
            "dist": "weibull",
            "params": [
                2.1945968574915145,
                16
            ]
        }
    },
    "female adult": {
        "lifespan": {
            "dist": "weibull",
            "params": [
                2.208137541820492,
                25.482192728652816
            ]
        },
        "mate": {
            "next cycle": {
                "dist": "norm",
                "params": [
                    1,
                    0
                ]
            },
            "number of eggs": {
                "male": {
                    "dist": "norm",
                    "params": [
                        16,
                        2
                    ]
                },
                "female": {
                    "dist": "norm",
                    "params": [
                        11,
                        2
                    ]
                }
            },
            "max cycle": 10000
        }
    }
}