{
    "period": 80,
    "dt": 1,
    "number_of_patches": 10,
    "mating_rates": [
        0.14809385824507185,
        0.14102318007713394,
        0.10957425187594752,
        0.16538454795526605,
        0.18606256438722568,
        0.16285062383410512,
        0.20031363749843656,
        0.26336922933096746,
        0.15894839254956625,
        0.29122378538754135
    ],
    "capacity": [
        47170.75200887268,
        71877.98909160355,
        50716.53575484177,
        60963.70003690486,
        93353.7294279237,
        88365.59895080847,
        91267.95800127252,
        21247.99729309082,
        70013.52434300516,
        43073.17915863943
    ],
    "migration_rates": [
        [
            0.7221908847016882,
            0.032446165743824126,
            0.03185744727341373,
            0.0292724778930642,
            0.03286925189717097,
            0.029630869450858823,
            0.02996042340631018,
            0.029816088771315214,
            0.02976333717316387,
            0.032193053689190676
        ],
        [
            0.017067394540061065,
            0.8332004088251634,
            0.020312171470097964,
            0.019599931676599878,
            0.017833288352916844,
            0.01792450656426669,
            0.017537690419780753,
            0.0188381608272959,
            0.01845903962374159,
            0.0192274077000759
        ],
        [
            0.024650301926116842,
            0.02372797509807754,
            0.7812047730434148,
            0.02353443579952405,
            0.02475146735600067,
            0.026078549849421366,
            0.025723956965892646,
            0.024016233042519125,
            0.022195677104960197,
            0.02411662981407271
        ],
        [
            0.021199512168626117,
            0.02310463646051764,
            0.023731464292383337,
            0.7968755421828839,
            0.020350686091320177,
            0.02256054726277989,
            0.022830647245441604,
            0.023672231423922576,
            0.02381226268058444,
            0.02186247019154029
        ],
        [
            0.01938317763655143,
            0.02088832136089583,
            0.021137905353625225,
            0.02121907880198501,
            0.8154259623126221,
            0.02194562600410348,
            0.0188733710341772,
            0.01884305275767588,
            0.02153005693845639,
            0.020753447799907457
        ],
        [
            0.025614452099757823,
            0.02746403861851676,
            0.027284811423206035,
            0.02477841291074705,
            0.027702538756987482,
            0.7607209545362427,
            0.028768949102430746,
            0.026519746787787936,
            0.027297650477612543,
            0.02384844528671098
        ],
        [
            0.027776850148507594,
            0.028400389980554958,
            0.02830675854021789,
            0.0303263129606497,
            0.02952795907499513,
            0.028351546764461385,
            0.7374360559042082,
            0.028740619564522448,
            0.02967767599966313,
            0.03145583106221948
        ],
        [
            0.02372810653071642,
            0.021731275280896436,
            0.024148071181445498,
            0.02412289275350976,
            0.0233847289082383,
            0.024012375280295952,
            0.02061245903203942,
            0.7941385331166825,
            0.020584897019478653,
            0.02353666089669709
        ],
        [
            0.026078797729949834,
            0.026567452314498204,
            0.02694996560846235,
            0.024403529529365295,
            0.02457503357770911,
            0.024575905398910695,
            0.028446552335209537,
            0.026142857052633483,
            0.7682427607478609,
            0.024017145705400575
        ],
        [
            0.032167647675845026,
            0.03104993099032356,
            0.0315110016022813,
            0.02881701094128422,
            0.03164283940007613,
            0.03400208379984397,
            0.03355819536660375,
            0.02908276692408715,
            0.03202170122903133,
            0.7161468220706235
        ]
    ],
    "egg": {
        "lifespan": {
            "dist": "uniform",
            "params": [
                0,
                8.76
            ]
        },
        "maturing_age": {
            "dist": "norm",
            "params": [
                2.9,
                0
            ]
        }
    },
    "larva": {
        "lifespan": {
            "dist": "uniform",
            "params": [
                0,
                77.4
            ]
        },
        "maturing_age": {
            "dist": "norm",
            "params": [
                10.6,
                0
            ]
        }
    },
    "pupa": {
        "lifespan": {
            "dist": "uniform",
            "params": [
                0,
                40.59
            ]
        },
        "maturing_age": {
            "dist": "norm",
            "params": [
                4.1,
                0
            ]
        }
    },
    "male adult": {
        "lifespan": {
            "dist": "weibull",
            "params": [
                2.1945968574915145,
                22.84070720300488
            ]
        }
    },
    "sterile male adult": {
        "competitiveness": 0.5,
        "lifespan": {
            "dist": "weibull",
            "params": [
                2.1945968574915145,
                16
            ]
        }
    },
    "female adult": {
        "lifespan": {
            "dist": "weibull",
            "params": [
                2.208137541820492,
                25.482192728652816
            ]
        },
        "mate": {
            "next cycle": {
                "dist": "norm",
                "params": [
                    1,
                    0
                ]
            },
            "number of eggs": {
                "male": {
                    "dist": "norm",
                    "params": [
                        16,
                        2
                    ]
                },
                "female": {
                    "dist": "norm",
                    "params": [
                        11,
                        2
                    ]
                }
            },
            "max cycle": 10000
        }
    }
}