{
    "period": 80,
    "dt": 1,
    "number_of_patches": 10,
    "mating_rates": [
        0.1,
        0.1,
        0.1,
        0.1,
        0.1,
        0.1,
        0.1,
        0.1,
        0.1,
        0.1
    ],
    "capacity": [
        2000,
        2000,
        2000,
        2000,
        2000,
        2000,
        2000,
        2000,
        2000,
        2000
    ],
    "migration_rates": [
        [
            0.8849092962892171,
            0.012916166440595643,
            0.013007401910184775,
            0.012566059565593053,
            0.0129526937386521,
            0.012990228586937397,
            0.012952553599928359,
            0.012358273645245688,
            0.012737678175356915,
            0.012609648048288949
        ],
        [
            0.01713601528463172,
            0.8462599995693608,
            0.0174577858555803,
            0.01653326119402254,
            0.017650416727677455,
            0.01757752586939076,
            0.01680510545295317,
            0.016546014553561538,
            0.017212529915729573,
            0.016821345577092105
        ],
        [
            0.013515683700329283,
            0.014185286242440023,
            0.8732670435067099,
            0.01414235776077437,
            0.014063275327229964,
            0.014416896386071324,
            0.014656566885653371,
            0.014308397682678473,
            0.014168951045288746,
            0.013275541462824496
        ],
        [
            0.013765326396023007,
            0.013190664473120018,
            0.013158548052244024,
            0.8821747121894361,
            0.012370157412244244,
            0.013511010791946993,
            0.013662468563233136,
            0.012874448954268248,
            0.012996633797109022,
            0.012296029370375196
        ],
        [
            0.019288569994421155,
            0.01816211841121682,
            0.019337746804059888,
            0.01944843509256229,
            0.8288923644583268,
            0.019322798391386654,
            0.019336498339957223,
            0.018963944748999186,
            0.017697351717114895,
            0.019550172041955062
        ],
        [
            0.01997822199014149,
            0.01975339473444914,
            0.018225395170938147,
            0.019580341176457523,
            0.018188340399886965,
            0.8285043269764142,
            0.019061340282682113,
            0.01903659463553423,
            0.018170839995430534,
            0.019501204638065685
        ],
        [
            0.021392546840853524,
            0.02234870906791282,
            0.02245085102643002,
            0.022168253162581683,
            0.02236224081749864,
            0.02140987878394561,
            0.8001043968708146,
            0.022107094244889533,
            0.02273439600473792,
            0.022921633180335643
        ],
        [
            0.01672371843945887,
            0.01726508185509813,
            0.017828545672148824,
            0.01762118736142028,
            0.016392866990500996,
            0.01650458158990839,
            0.01746190459012557,
            0.8452514315584798,
            0.01802059720549903,
            0.0169300847373601
        ],
        [
            0.020406681717878496,
            0.020880574241243267,
            0.020573345005692703,
            0.02112110813485414,
            0.020283697156243844,
            0.019021359281599783,
            0.019663618546784545,
            0.02034150495943949,
            0.8168625286499258,
            0.020845582306337936
        ],
        [
            0.01301547971835825,
            0.013872996829387014,
            0.013336166582522258,
            0.01308850551416011,
            0.01380566513322222,
            0.013164856803831256,
            0.012795771745418938,
            0.013663787555965074,
            0.0130643366768721,
            0.8801924334402628
        ]
    ],
    "egg": {
        "lifespan": {
            "dist": "uniform",
            "params": [
                0,
                8.76
            ]
        },
        "maturing_age": {
            "dist": "norm",
            "params": [
                2.9,
                0
            ]
        }
    },
    "larva": {
        "lifespan": {
            "dist": "uniform",
            "params": [
                0,
                77.4
            ]
        },
        "maturing_age": {
            "dist": "norm",
            "params": [
                10.6,
                0
            ]
        }
    },
    "pupa": {
        "lifespan": {
            "dist": "uniform",
            "params": [
                0,
                40.59
            ]
        },
        "maturing_age": {
            "dist": "norm",
            "params": [
                4.1,
                0
            ]
        }
    },
    "male adult": {
        "lifespan": {
            "dist": "weibull",
            "params": [
                2.1945968574915145,
                22.84070720300488
            ]
        }
    },
    "sterile male adult": {
        "competitiveness": 0.5,
        "lifespan": {
            "dist": "weibull",
            "params": [
                2.1945968574915145,
                16
            ]
        }
    },
    "female adult": {
        "lifespan": {
            "dist": "weibull",
            "params": [
                2.208137541820492,
                25.482192728652816
            ]
        },
        "mate": {
            "next cycle": {
                "dist": "norm",
                "params": [
                    1,
                    0
                ]
            },
            "number of eggs": {
                "male": {
                    "dist": "norm",
                    "params": [
                        16,
                        2
                    ]
                },
                "female": {
                    "dist": "norm",
                    "params": [
                        11,
                        2
                    ]
                }
            },
            "max cycle": 10000
        }
    }
}